13.114.211.96,ap-northeast-1
13.115.46.213,ap-northeast-1
52.192.175.207,ap-northeast-1
13.209.118.42,ap-northeast-2
13.209.230.111,ap-northeast-2
13.126.169.175,ap-south-1
13.234.54.8,ap-south-1
35.154.93.182,ap-south-1
18.139.52.173,ap-southeast-1
3.1.219.207,ap-southeast-1
3.1.36.99,ap-southeast-1
13.238.14.57,ap-southeast-2
13.54.169.48,ap-southeast-2
52.60.189.53,ca-central-1
99.79.87.237,ca-central-1
18.195.155.52,eu-central-1
3.120.223.25,eu-central-1
3.121.24.234,eu-central-1
13.48.150.244,eu-north-1
13.48.239.118,eu-north-1
13.48.254.37,eu-north-1
18.200.120.237,eu-west-1
63.34.100.178,eu-west-1
63.35.33.198,eu-west-1
18.130.113.168,eu-west-2
35.176.195.46,eu-west-2
35.177.43.250,eu-west-2
15.188.202.64,eu-west-3
15.188.240.172,eu-west-3
15.188.243.248,eu-west-3
18.229.28.50,sa-east-1
52.67.95.251,sa-east-1
3.18.172.189,us-east-2
3.18.188.104,us-east-2
3.18.197.0,us-east-2
52.9.13.199,us-west-1
52.9.139.134,us-west-1
34.208.32.189,us-west-2
52.35.61.232,us-west-2
52.89.221.151,us-west-2
